VECC#942,
LOGO#455,
MONK#573,
KURI#648,
PHAF#714,
YEAR#669,
NOOB#462,
YULI#219,
DARK#259,
JOEL#298,
BBCH#407,
GRID#878,
TARO#453,
HUFF#622,
HADS#365,
SASP#783,
KAKI#387,
EPIC#399,
DANI#577,
LCDT#420,
PNAP#615,
SEVN#432,
JUBS#579,
SNYA#177,
CHIM#803,
SLPY#991,
GIAN#508,
TOST#889,
TTVB#384,
PUSS#608,
MORK#205,
ENPH#605,
OMAC#971,
CHEF#531,
DISP#298,
TUSP#113,
DMEL#397,
DDOG#988,
APOL#519,
SHIR#918,
MESA#522,
JIBY#243,
TACO#539,
ZEAS#227,
SLOH#889,
SUKO#760,
TRSK#673,
HOOD#894,
FISH#462,
HONO#927,
KAKA#894,
HODS#185,
ASLF#767,
DJIB#581,
BRAD#711,
YKNT#857,
PISS#118,
COOK#739,
PNUT#396,
PRIN#880,
MOSH#248,
FLAN#359,
HELL#820,
YUNG#608,
LAIN#815,
DJCF#224,
JACK#339,
NEST#862,
RANG#201,
VENO#483,
CASH#885,
WOOL#655,
WEPT#502,
CHIS#279,
DILL#249,
HOLY#248,
WALT#835,
ANIM#779,
KUMA#214,
CRES#517,
MICH#356,
NDIA#879,
PSAI#915,
FLIP#594,
ALLY#581,
STUG#747,
SOUL#381,
CHAG#288,
EZIO#965,
JUIC#343,
MAGA#711,
SCOO#676,
POLA#297,
OCTO#376,
JAWN#907,
MASK#457,
STUB#418,
PSIC#930,
ZMBB#295,
THEA#215,
MASN#296,
JOEL#165,
ATPT#464,
JIJI#555,
ENBY#825,
FOXG#118,
RAID#481,
BEEL#321,
YOSH#904,
DEZA#140,
AWEL#249,
PAST#274,
BARB#470,
BOLG#166,
COOL#966,
SCRY#386,
YOSH#734,
BOMB#981,
TRAS#561,
URBE#807,
BRAL#176,
KYOT#520,
ITCH#331,
THOU#830,
FUGI#207,
SOVE#546,
HUPS#744,
SIDE#421,
BROK#462,
DJIN#197,
MCWL#542,
JAVI#702,
OASI#364,
TANG#945,
LOCT#497,
FERR#515,
CHIL#152,
THEB#555,
OTTE#633,
POMO#317,
WHOM#372,
INEV#786,
NATH#495,
UPDG#854,
ROOF#541,
ITSB#329,
DIBB#956,
IBAN#259,
SHOO#887,
FINN#997,
MANG#664,
KLOB#904,
GRCH#224,
OVER#837,
KARO#177,
ITZY#968,
STAR#801,
JAKE#863,
REDC#583,
TROY#247,
SEMC#700,
MIND#645,
MROK#548,
YUJI#697,
SEAN#365,
DIZZ#603,
LETS#878,
ZWIZ#954,
DBRD#641,
BIER#772,
HONK#595,
CRAY#750,
HRRY#445,
STQC#800,
ALEB#239,
MIKE#898,
SAKE#327,
BIGG#699,
JAVI#193,
KRIL#341,
SOOA#896,
IHAV#334,
VERY#840,
LIKE#117,
GAKO#378,
PAGU#440,
LITE#189,
ICYR#432,
DRAC#478,
TYLR#275,
PASS#527,
USER#169,
DUNK#215,
PREZ#795,
BRUH#719,
APPR#349,
CRAB#412,
SAKI#207,
ASKR#514,
WILD#653,
ACRO#524,
ALOT#896,
ABCD#978,
TACO#456,
ADAM#977,
DOPS#658,
YOSH#112,
WIIU#139,
